{
  "model": "HGQ-LUT (GNN) \u2014 PLF JSC, 32 particles, 16 features",
  "family": "jsc_plf",
  "part": "xczu7ev-ffvc1156-2-e",
  "part_capacity": {
    "lut": 230400,
    "ff": 460800,
    "bram": 312,
    "dsp": 1728
  },
  "constraint": "lut_0.85x_baseline",
  "clock_period_ns": 2.5,
  "latency_cutoff_ns": 3.1,
  "baseline_lut_tableIII": 25288,
  "budget": {
    "lut": 21495,
    "ff": 460800,
    "bram": 312,
    "dsp": 1728
  },
  "usable_after_margins": {
    "lut": 21495.0,
    "ff": 460800.0,
    "bram": 312.0,
    "dsp": 1728.0
  },
  "lut_budget": 21495,
  "comb_cost": 28766.200000000004,
  "a0_predicted_lut": 23059.154,
  "feasible": true,
  "binding": [],
  "chosen_config": "bram(8, 7)_dsp-",
  "predicted": {
    "lut": 20865.871721837717,
    "ff": 15427.361355913768,
    "bram": 25.5,
    "dsp": 0.0,
    "latency": 18
  },
  "confirm": {
    "lut": 22942.0,
    "ff": 5434.0,
    "bram": 119.0,
    "dsp": 0.0,
    "wns": -1.813,
    "fmax": 231.85717597959658
  }
}